,translated_text
0,Fengjie has long since not been under Sichuan's jurisdiction.
1,That doesn't even include what you went through during your pregnancy.
2,"Remember, we don't like people slacking off."
3,A sandwich filled with cabbage and ham.
4,"I'm very willing to help you - Robert, you're so kind."
5,Because there is no river on the map.
6,"Why do you have to insist on those two ""dong-dongs""?"
7,The purpose of a bottle cap isn't only to prevent the liquid in the bottle from spilling out!
8,All you have to do is tell who the real culprit is.
9,"Everyone, her name is Rachel, another survivor from Lincoln High."
10,Let's perform some old church rituals.
11,Later developed arthritis and committed suicide.
12,"And to be honest, after I found out that my zodiac sign is Libra,"
13,"Alright then, the Tennessee Valley Authority is slightly restricted."
14,That's not right; you're already too old.
15,Do you have time? We'd like to talk to you.
16,"Once they arrive, I don't think it will take long."
17,I only know very little about her.
18,Do you mind giving me a ride since it's on your way?
19,I love you more than my own life.
20,"Bribery, extortion, murder"
21,We casually chat to see if we have any mutual friends.
22,"At the time, I thought I was doing well."
23,"This is why you send your child to a good school,"
24,"#No, the number of rioters is rising; they are desperately shouting#"
25,He said he came to hunt down the demon.
26,"Sweat tumor. Sled lungs: harm and plunder. Bright railing, clever turtle. Old railing. Rescue. The opening swings fiercely."
27,Kaili Ruisi and Zhen Kelao completely turned defeat into victory
28,… self-described evangelical
29,I was looking for my sister and they caught me.
30,Comrade Stalin has ordered: citizens are not permitted to leave the city.
31,You should take a look at what they did last year.
32,I won't let you do that.
33,You and I are enemies; I know you'll understand.
34,So we need to hire Booth.
35,Someone help hold me up; I'm about to crack up.
36,"No, I don't think it's about debt."
37,Do you mind if we go into the room?
38,India gave refuge to the Jews who were invaded by the Babylonians.
39,"Oh, right, pour it all over your body, you little bronze slut."
40,Can you do it or not? Can't you make it more pleasurable for me?
41,Come on. Having a few more drinks won't be a problem.
42,In my TED talk last year I introduced the LHC.
43,"Earlier in the elevator, I also saw a grandmother and her grandson."
44,['The reason I say this is that this system is significant in Turkey.']
45,Next year we hope to bring it back to the United States for the first time.
46,"No, I can't tell you where I am, Mom."
47,Why does he want to see me?
48,It's an even bigger deal in my small community.
49,#The mystery puzzles me#
50,['I still need to sell a pair to her.']
51,I can try to get rid of them.
52,"When I make a move, he wants to make a move too."
53,I am sitting on a trampoline smoking marijuana.
54,"But in fact, we just counted it here."
55,You arrogant jerk! What kind of trick is that — are you trying to sabotage the Foundation?
56,"There will be white herds of cattle everywhere, with sweet breezes blowing."
57,['Every day we live is a miracle.']
58,Sandy was baptized there by Father Frank. He is someone we will always remember.
59,"He said this is cycles, repetition, rebirth or something."
60,"[""Don't be too hard on Stephen; don't misjudge him.""]"
61,"Luoshan, how did you meet Lani?"
62,What do you think makes her so unusual?
63,"You know, I think this is very fair, Mommy."
64,I was forced to marry Minaelaus when I was 16.
65,And I fucking told him he shouldn't go down.
66,"The government was convinced — partly because of this story,"
67,Be sensible—Uncle is treating you to dinner tonight!
68,Your task is to figure out when the Earth will be destroyed.
69,So what happened after you got on the truck?
70,We called him someone who encourages smokers.
71,"Wendus, watch out for the camera."
72,I managed to hold onto my reputation.
73,"Uh, more or less. Most employment relationships end that way. No, not exactly."
74,Could you let me stay for one night?
75,I'm going to take legal action! What's wrong with you?
76,Can she really help us?
77,"Qiao, can I speak with you privately?"
78,We have quite a long way to go!
79,Both palms facing up! Hold them open in front of your chest! Get ready to catch the keys!
80,"If you let go, I'll draw my knife."
81,I can't find it at home.
82,So I really love eating cheesy corn sticks. I love cheese corn sticks; they are extremely delicious.
83,"Ellie, I was with him all night yesterday."
84,It buries itself in the sand to sleep.
85,"The song you won an award for at school - Oh, that was tenth place."
86,"Now, although my math isn't very good, this number is roughly okay."
87,We should say nothing before the lawyer arrives.
88,Then he unexpectedly discovered that the simplest strategy had actually won.
89,Does the sheriff always ride on the left or right in a taxi?
90,"In the end, it was all for nothing."
91,That's it - yes! Yes!
92,"Hey, champion, what do you think of beautiful Hawaii?"
93,"With God all things are possible. We all say: 'God, fix this world!'"
94,"That was Luke, kissed by Leia; it was meant to make Solo jealous."
95,Ka [0xE4] disturb minister [0xDF] lightly distant [0xC8] [0xE6] move thin wedding-basin
96,"Unfortunately, I've already stopped breathing."
97,I'm just strong. I don't know how to be optimistic.
98,"Uncle, did Grandpa leave the whale-tooth pendant here?"
99,"As a Christian, are you unable to accept evolution?"
100,"['After being dumped, he withdrew from the world.']"
101,"And I'm finally free,"
102,No. We must leave him with nothing to rely on.
103,"knack sheath, numerous abuses, a handsome flat box, abuse, the second field Fu, tenant trapped, joy prompts cleverness"
104,I don't want them to have to spend their whole lives living in poverty.
105,['What are you saying? My teammates risked their lives for this mission.']
106,Do you think the tree will fall down by itself?
107,Are you looking for your golden jar?
108,"We made a bet — you're not going to keep holding it against me, are you?"
109,We all know you did it; it was you.
110,The house is always this beautiful.
111,"Are you a gentle, ordinary person from Boston?"
112,"I have been giving you chances to help me, but you refused."
113,Family feuds always trump a 4.0 GPA.
114,"It takes a lot of courage, doesn't it?"
115,They were the ones who organized and took part in V-Day activities and established the first shelter.
116,I know your child is very difficult to discipline.
117,I think women should be able to wear whatever they want.
118,['You must be quiet for a few months to restore your spiritual life.']
119,What on earth are you trying to do? - You said you saw her die.
120,"Let go of me, or I'll snap at you!"
121,"I mean, actually, I was expecting him to do something."
122,You could say it like this: I help people solve problems.
123,Will anyone read the eulogy?
124,This is one of our strategies.
125,Children use statistics to understand the world.
126,Someone asked a question about the Java language.
127,"Yes, I'm on your side, bro."
128,"In short, you won't understand."
129,That is a Smith & Wesson .38.
130,But now many of them are here because they have no money.
131,"['Mm, then they are very open-minded.']"
132,She is an angel who fell to earth.
133,and then invest or lend these funds to
134,"It's always weird, Eddie."
135,"Because it obtains higher-quality information, the people it finds are better, and the transportation costs incurred are lower."
136,Do you want to go in?
137,Grandpa keeps everything to himself when something happens; your dad likes to say everything out loud.
138,Also... thank God that we in Florida have so many outstanding players.
139,I have come specially to bid farewell to my sworn younger brother.
140,"Wait, have you ever seen a lion's roar?"
141,She has a slight headache and feels a bit dizzy.
142,They called out all the police in town to look for her.
143,Two for one yuan.
144,I think we'll enjoy working together.
145,Everybody sit down; I'll sing a song for you.
146,I placed sugar grains and similar foods around as bait to lure the ants near the house.
147,I need to go to the crime lab to take a look.
148,"[""Do you like it this way? - You'll be taken back in again.""]"
149,"My name is Hancock, and I have a drinking problem."
150,Or watch one of us die.
151,"My condition is improving now, but it could worsen at any time."
152,But the life of being a caregiver suits me very well.
153,"The second player can also reject this allocation; then neither side receives any money, and the game ends."
154,Three years ago I did business with Chinese people.
155,"According to you, I'm worth two paintings."
156,Players will win 14.3 billion yen.
157,Do you have no shame? You always want to be someone else's parasite!
158,"Mr. Steve Lopez, freelance writer. You are my god."
159,Did Dr. Euripides tell you to check that?
160,Are you happy now? Our positioning wasn't good at all.
161,"I mean, we should pull ourselves together and be a bit more proper."
162,There are no rules here about waiting or taking time to think twice.
163,That's Allen. He was Buck's booking agent before me.
164,"My baby, that was a huge success."
165,You don't need to feel guilty for leaving your child.
166,Then it's just Millie's bad luck.
167,Kelly Rees seems like a different person.
168,Found under the seat of my sled.
169,But I know how to complete this task.
170,"Very, very surprised that Rotley and the others actually don't care."
171,Tige wants to hear us play a tune - happy to oblige.
172,Another group of subjects you allow in your experiment.
173,"President Kim Dae-jung, who visited Pyongyang."
174,"I know, but this is very interesting."
175,Let's not get angry.
176,Oh.
177,"Yeah, given how unsafe it is right now."
178,Can you fuck me hard in this position?
179,"If we view it this way, there is a third option."
180,Everyone was furious. Some people were also injured.
181,Father has already sent someone.
182,I would even hold his head under the water.
183,Look at this. Let me tell you all.
184,I know he can sing to anything.
185,I saw your paintings in the booklet and thought they were really beautiful.
186,Otherwise I'll kill both of you.
187,"When we walked into the venue today, Thomas was playing music."
188,Do you need someone to make a phone call?
189,"Tell me, how many candles did they put on your birthday cake this year?"
190,"No, I disagree - most people would be like that."
191,"['Worse yet, Jill dumped me last night.']"
192,He even mentioned Grissom a few times.
193,Because I don't want to do something like that.
194,I'll let you know that it hasn't been turned off.
195,Despite some words being deliberately used to make us turn a deaf ear to one another.
196,What do you call that damned thing?
197,"Still looking around, trying my luck."
198,"In this report, you all claim you didn't know there was a big fire until after it happened."
199,"You'll be back to normal, okay?"
200,You can even go on an outing to the nearby countryside.
201,I want you to get out of our lives.
202,Where is it?
203,"['If you want to be a sharpshooter, you must learn to hold your breath.']"
204,We would then be able to create materials as miraculous as that cell.
205,Then they gave me this small truck.
206,That will be eternal and immortal.
207,The lawyers are already at the gate; they say the FBI agents will be here soon.
208,Maintain a certain dignity and charm.
209,Okay.
210,"In contrast, the notion of source continuity indicates."
211,"[""Borte, I can't live without you.""]"
212,Sometimes God likes to put two guys in a paper bag and then make them fight.
213,"You said everything would be okay, but it's all terrible."
214,Don't ever come back; otherwise you'll get hurt.
215,Say it more practically:
216,Now I stand before you with a solution.
217,I want to go back to the pet store! - You'd better fasten your seatbelt.
218,"You're so modest! So now, who will go save that cat?"
219,I have never cared about anyone or anything in my life.
220,['My greatest wish is to have a happy family.']
221,This way I'll see him less.
222,Every night we all listen to Radio Moscow. We listen for news about you.
223,"In fact, more than four million people suffer concussions each year."
224,Fedor and Viktor congratulate their friend Maxim Vasiliev on winning the International Young Designers Competition.
225,Do you want buttons in the front or a zipper? Stone-washed or acid-washed?
226,"From the standpoint of civilization, it is more like a Western than Rome."
227,"When they heard the summons of the End Shadow Knight, they all came."
228,"Remember the latter, but forget the former."
229,It feels as if the whole world has fallen silent.
230,Mi\xDA Rong\xD6 — lightly charming yet mediocre; gently bestowing soft seedlings\xC9; gently Hong looks toward Min.
231,"The problem is, I realize I have no way—"
232,What if we could extract trace metals from wastewater?
233,"When Operation Black Rose began, it was the Near-Earth Planet Surveillance Program."
234,We can produce enough electricity to power the United States for 10 years.
235,I can only put out fires for you and be harshly scolded by others.
236,Okay.
237,He's really great; I feel like I've learned a lot from him.
238,You are not a cute person.
239,What causes the outer layer of the prefrontal cortex to become
240,Don't you have any small animals to eat?
241,"Damn it, I don't know where I put it."
242,...but you have to hold me.
243,"['There, fishing, extraction, drilling, dumping, and other activities are all allowed.']"
244,I don't dare to hope that everyone will return safely.
245,"If I had spoken to that odd-sounding guy beforehand, you wouldn't have had a chance to frame me."
246,Did you bring everything from the fortress?
247,Forensic identification expert Amy Sutton fell completely in love.
248,"You know, I originally thought that if we did our research work well,"
249,The airborne troops saw that there was a stretch with no road.
250,That's not what I mean. I like eating alone.
251,"You wouldn't put it in the backyard, would you?"
252,I really don't think this thing is from the game.
253,It's best to follow him. Make sure he doesn't lose his temper or hurt others.
254,I want to let you know the truth about your mother.
255,"is to establish a more perfect, wiser"
256,I promise to let you play next season.
257,"Yeah, then he can go and testify, and you can also get a gold star from Cuddy."
258,"But when it reached the 11th floor, it suddenly stopped."
259,I'm just here to be meat.
260,I don't know what decision Ti Niao will make.
261,"What the fuck are you trying to do, you bastard?"
262,Keep your feet off the water's surface.
263,We hope people will attend this meeting.
264,This is the coolest Omni-Man comic.
265,"Suddenly an old man came to visit, and then he said to me."
266,The emergency reserve fund is only ten million.
267,"Use him as well, just like you're doing now."
268,My schedule is always too full.
269,Do you know what would be great?
270,How do I... how do I... give you what I wrote?
271,"I mean, just give us a little more time."
272,Conventional forms of external beauty and their influence on the opposite sex
273,I'm afraid other neighbors will hear.
274,"Before starting the main content, I want to talk to everyone about Mr. Bean."
275,"If you keep drinking, don't ever expect to get married."
276,Also the response regarding the low-quality materials we have used over the years to build schools.
277,"That's right, there is this course here."
278,Form the upper and lower channels.
279,I don't care. They will defeat you in the end.
280,I think everyone can learn to do it the way I do.
281,Can I go back to sleep now? - Okay
282,It's such a mess that I can't keep up.
283,Let us see you stay away from here.
284,I don't know what you're talking about.
285,The bleeding wouldn't stop. He couldn't make it to the hospital.
286,"Can you leave my crime scene now, okay?"
287,What is your purpose in coming to Naples?
288,"You have been arrested by the citizens - Let go of me, bastard"
289,"It's mine, sir. Are you satisfied?"
290,['What do you want to wear at the coronation?']
291,['This is the secret of all great dancers.']
292,Because people are willing to exhibit world-class behavior.
293,"From backgammon to cigars, I try my best to do well."
294,"Master, this is the carriage of the Meng and Shu families!"
295,['Something incredible happened in downtown Manhattan.']
296,"I guess that bastard was trying to be polite, bro."
297,We will protect you without batting an eye.
298,"Can build a secure place, such as a bank vault or a prison."
299,How much is it per day?
300,"I swear to God, I'll bury you here."
301,I was just about to explain that surprise to this lovely Mr. Niederbaum.
302,Old Lucius demands a harsher sentence.
303,"Come on, girls. Shan, clean the pool tonight."
304,"[""Please don't pressure her""]"
305,That day God found him and told him that the moment he had been waiting for had finally arrived.
306,I keep thinking of the friends I left behind.
307,"[""He's really into John Hughes.""]"
308,Nowadays nobody has a full meal to eat.
309,"No, you treacherous pig! I'll kill you!"
310,"If we aren't picked up by people, for example, us,"
311,"Opportunity, kindness, enthusiasm, opportunity"
312,At first I thought so. Now I feel it doesn't matter who it is—anyone will do; it's not important anymore.
313,"[""When you don't know what to do, just wave your hand and say, 'Continue.'""]"
314,['Just let the two of us fight to the death.']
315,"Mr. Manners, you must begin evacuating immediately."
316,I often like to come up with some nicknames.
317,"I think we're both doing a little better. We were like that before, you know."
318,Those who are asleep will get up and wander around.
319,Pay in advance
320,"Hey, let me buy you a drink."
321,Who is listening to the call? - Don't blame me.
322,Is there anything special about wrist twitching?
323,Caused by incorrect first aid.
324,Hi - Hi
325,Unable to translate — the text appears to be mis‑encoded. Please resend the original Arabic text using UTF-8 encoding.
326,You wouldn't believe what I experienced tonight.
327,"Buy a bucket of gasoline and three buckets of water, douse his mother."
328,Things city planners often say
329,The day we arrived in the village happened to be an old man's 60th birthday celebration—
330,So where are you going?
331,"['Hey, is this someone new?']"
332,"After drinking too much, I felt really dizzy."
333,Then you'll have to cooperate with me. Don't make a sour face.
334,Now our country's security is under threat. At this moment I need your cooperation.
335,"We will extend our routes to Atlanta, North Carolina, and St. Louis."
336,Nothing I did could dispel the resentment.
337,"Although I don't know the reason, Simon is our only lead in tracking down the Pearl Cat."
338,You might be wondering: what else is the bank still holding for you now?
339,So those epiphytic plants are actually paying rent to the landlord (the host tree).
340,"They got a little help from me, and from Paul Allen."
341,"However, this is neither the farthest nor the most famous photograph of Earth."
342,"So in the 20th century, the number of people who died in wars should be 2 billion rather than 100 million."
343,Like these ants and the other unique and diverse plants and animals that live on that island.
344,But she lives in your mind.
345,"Nice to meet you, Miss CJ."
346,"But right now, Mr. President, we all have to evacuate the United Nations building."
347,The pastor said it was God's punishment.
348,I couldn't help but wonder how they managed to do it back then.
349,Led by people they don't trust.
350,Jimmy McRoy stood alone on the ice.
351,"You must like me; if someone shoots at me, you must come for me."
352,I don't even know which time zone I'm in.
353,I'll take as much as I can.
354,['It is that person who is completely absorbed in what he is doing.']
355,"Show me by doing it; whatever it is, I'll do as you say."
356,They will miss out on all the women in the world.
357,But how can I go without a gift?
358,He set my ringtone to 'Brown-Eyed Girl'.
359,It's like the glass of wine you've been drinking all along.
360,The manifestations of electricity and magnetism will not change. The manifestations of electricity and magnetism will not change. They will not change electromagnetic phenomena.
361,I hope you can say it too.
362,And after the anchor has been dropped and the gangway set up.
363,['People who protect artworks should live.']
364,But it says here that we injected her with warfarin.
365,Pulled the door closed.
366,"[""Okay, sir — first, tell me which year it is? That's why I'm starting with the men.""]"
367,The portrait you're seeing definitely doesn't have this brightness.
368,You don't have time to think. Get up quickly.
369,A person who builds a space for themselves.
370,I'm not old-fashioned - I want you to teach her.
371,['Yet I have to support three bastard idiots.']
372,So this is a rope that can sense external forces.
373,I'm just taking advantage of the opportunity to make some quick money.
374,Lei Zhen! Have you ever loved a woman?
375,I'm worried about that '毁铁' they mentioned.
376,['That may be true for some social classes.']
377,There are so many pessimists.
378,Look
379,You would be surprised at how a girl without a father can attract men's attention.
380,"If we don't go buy them, there will only be three left there."
381,"I'm not saying this just because he's my son-in-law, you know."
382,"Go on, go to Hoboken and play your scams. You troublemaker!"
383,Mission accomplished; that bitch is dead.
384,Have you ever thought about the harm these beautiful creatures pose to people?
385,"No, it's okay. Whoever you want me to be, I'll be, baby."
386,This is so incredible that it can't even be explained.
387,"And I know you really don't like it, and even think I'm completely crazy."
388,I was taken away by them for four days.
389,"When the bacteria are diluted, these small hormone molecules disappear as well,"
390,['Ask the Dallas branch about it later.']
391,Hasn't been corrupted by power yet?
392,"If by any chance he is rescued by the enemy, he'll come back to fight."
393,"Hurry up, you're going to make your dad angry again."
394,The idea is that we can study.
395,"When you stop being self-centered—how happy I am,"
396,"I don't like these balls, but I have to come for my daughter."
397,"If climbing onto the roof could give me inspiration, I would do it too."
398,"Anyway, do you know what I'm talking about?"
399,"[""If you think I'm a thief, that's just ridiculous.""]"
400,This may be his last fight.
401,I have a very good idea: go to Chicago.
402,The same reasoning can explain why we start from the initial state.
403,Now I'll give you a few seconds to read it to yourselves.
404,"[""Oh, get lost. I may be unlucky, but I'm not an idiot.""]"
405,"For you, I hope he can see how lucky he is."
406,I'm making my signature Kebite-style Spanish feast.
407,"Therefore, it must not be treated with a careless attitude..."
408,If only these leaks were just an illusion.
409,Do you really have to do this?
410,"This is my buddy, Ella. He wrote quite a few jokes for me, dear."
411,Are there any other weapons hidden besides these guns?
412,A large Floria soft cap will cover the castle's dome.
413,You only have to serve at most three years in prison. Begin serving your sentence immediately.
414,Call your parents at 12:40.
415,It's up to you to make Poland truly rise in Europe.
416,It's usually far from as good as people imagine.
417,We have drafted a denial statement for you.
418,['What should I do now?']
419,That's why I'm so irritable.
420,"We went to São Paulo, where outdoor advertising is banned."
421,Teach Andrew and Margaret how to love
422,I really can't believe I actually believed it!
423,She said that her father never thought about God and never talked about God.
424,Tell him that if he really wants to masturbate while wearing a rope.
425,I don't understand what love is.
426,You know how to do it.
427,"[""It's been two months, and we haven't received a single cent.""]"
428,"Second, I will introduce my co-author."
429,Why don't you go learn to be an accountant?
430,What kind of wireless technology will we use?
431,It's the right to save the world and yourself in the game.
432,"[""No, I'm not. I'm going to the Bar Association dinner.""]"
433,['Because—because that piece has a gap.']
434,They even sent me to a Catholic boarding school.
435,It took 15 years and actually cost about 4 billion.
436,What I want to say is that I am extremely annoyed with postmodernism.
437,"I lied to him, but he didn't believe me."
438,I moved house eight years ago. The gun should be in some box.
439,"Besides, that little girl didn't have his ring."
440,"She can't see you, but she's already stabilized."
441,Will it become the standard in the wireless field three years from now? That's hard to say.
442,Max! - I have to go.
443,"Alright, let's introduce the outstanding Ted Simpson."
444,That's not the case; that's Kentucky. That would explain why Liz was acting weird this morning.
445,"Look, this looks like it suits me well."
446,This guy married a hot wife.
447,You can't turn me on and off like a light bulb.
448,"We tied him to the roof, and he jumped down."
449,This is James. He is here to apply for a job in the games department.
450,"But I, like the other people in his life, completely ignored him."
451,Do you know how he found you? - I know how he found me.
452,That's impressive; he shot and killed a fly in the room with a gun --
453,It has long been regarded as the oldest railway tunnel in the world.
454,I can assure you that the beautiful woman will turn around as expected.
455,Major
456,"[""If you don't know the people here, then you are a bad person.""]"
457,Yet a historian told me that the past is harder to predict.
458,"['Sorry, I just ran into this problem.']"
459,That's not the question I'm asking.
460,You could have become the best among the best.
461,You're a loser; you wouldn't even know it if you won?
462,Most of the time?
463,Danny and Steven Gipson. I received a call saying they were injured.
464,"['Hey, Bess, could you bring me a bottle of beer when you go to the kitchen?']"
465,Or even travel through time — able to make trades 18 months in advance.
466,"Therefore, this is actually the description I want to give of its [human aging]."
467,Who is the mastermind? You? Or Gent Scheller?
468,"It will never be fixed, so I need to be honest with you."
469,"I am Jimmy. If you have a dream, you can definitely achieve it."
470,Perhaps we'll hang it up and sell it.
471,Activities that might harm the United States or other countries?
472,He can hear what I'm saying.
473,"What can you do, Franny?"
474,Hearts gone astray?
475,['You can see that the engine controller is actually on top of the cockpit.']
476,What I had to consider then was that the first effect did indeed exist.
477,We had just come out of the deli.
478,What else can be done to make a planet have such a place?
479,"He didn't get all the tobacco, bitch."
480,What will happen?
481,Then we will be the largest company in this country.
482,['Throughout East China and the Jiangnan region']
483,Many people try to pin candles to the wall with thumbtacks.
484,"Therefore, he is actually developing a tool that can change the entire system."
485,"When school starts, this room will need to undergo some changes."
486,"Damn it, what did you do with his towel? - To dry my hands."
487,"That's right, but you'll still die."
488,"[""I don't know any more than the police do.""]"
489,Why would you still infect others with the disease?
490,I won't let you go today.
491,"If you need to reach us, please call back tomorrow."
492,You have two children receiving welfare benefits.
493,He has already killed one of them.
494,You don't necessarily have to have a reason.
495,Can I step away?
496,Then we might have to stay here all night.
497,"If we were both drowning, who would she save?"
498,"['But if you really want to know, we are being ostracized and humiliated.']"
499,"Back off a bit, Butch. This is the real move."
500,That's really cool. Do you often work together?
501,Tell me something useful.
502,I have never seen anything in this world.
503,What are you trying to do? This is the last time you'll fly!
504,I feel like I need to know what I'm making such a big deal about.
505,"Moths and cockroaches, now I'm beginning to think seriously."
506,['Has already been severely damaged by the earthquake.']
507,My job is to provide accurate intelligence to decision-makers.
508,Deal with you lot of traitors who defy Heaven and betray the Dao.
509,I'd like a bone marrow test.
510,Do you know I can have you arrested?
511,She proposed some very creative ideas to me.
512,I have a strange feeling about this criminal.
513,"If you put these two things together, what conclusion do you reach?"
514,no
515,"During these summer months, this room is like a personal oven by 9 a.m."
516,"Then I thought, 'So I'll go to some small workshops.'"
517,Right? That's not a car we can buy today.
518,Your great children should also be shown to all of Europe.
519,['See? I knew you two would get along very well.']
520,My elder brother's friends all have many bad names.
521,I hope that's okay.
522,"We saved the lives of more than 1,000 very poor patients."
523,Then they'll think that tactic is useless and will give up on it.
524,I actually have a degree called 'Grass Mud Horse'.
525,Don't care about anything else.
526,"We've gathered all the parts, but progress is a bit delayed."
527,"[""Why didn't you marry her before?""]"
528,['Anything or anyone']
529,15 years
530,You must go; I heard this is one of the end-of-term grades.
531,"Don't you think he looks very well, Theo?"
532,"Can we turn the volume up a bit, if possible?"
533,"After receiving a well-deserved blow to the head, Wexler lost."
534,But it's not my place to teach you.
535,Your actions speak for themselves.
536,"Why? - Then you'd have to ask him why, why he's gone crazy."
537,I walked into a local bookstore located next to our office building.
538,# Until the whole world knows your story #
539,"If you want to sleep, go home and sleep. What's the matter? They hired me to sleep here."
540,"We will find her for you, Ruby."
541,I dare say Professor Bauer must be very disappointed.
542,Do you think he is referring to Kamag?
543,"There's a comfortable seat and lots of food. Wow, this really is the best."
544,We are doing business with a European company.
545,We are going to Mexico tonight.
546,"Now, who wants to come and say hello to it?"
547,Is it because you changed my grades for me?
548,At that time
549,['You can just bite into it and eat it.']
550,['What are you doing here on Sunday?']
551,"However, we also know species like these sea turtles."
552,Mikhail said that if that kid can't come out alive
553,Do you have the ability to live on this planet?
554,Do you want me to examine you? Miss.
555,I think Batman should be awarded a medal.
556,Maybe we can discuss some philosophical questions.
557,Why are we suddenly taking these risks?
558,"Is this what you studied at Berkeley, Chris?"
559,"Our job is to inspire, encourage, and support."
560,"['Very, very astonishing']"
561,['He has visited prisons and psychiatric hospitals.']
562,I'm starting to miss everything on the street.
563,But to make my dad happy.
564,Temporary Anglo-American Resources Forum
565,I hate all non-white Christians.
566,"Um, I've been cleaning the stains on it since last night."
567,"This is John Morris — the screenwriter and producer of ""The Journey of Losing One's Virginity""."
568,"And it really is profitable when you spend $200,000 to send your friend on a spaceship trip."
569,"Yes, but clearly thousands upon thousands of people made it a reality."
570,"Mr. Beaumont, what do you think?"
571,I will give you everything you want.
572,I have confidence in you. But I want to ask you a question.
573,"Knock toward the drifting wolf—swim? Bewildering alky-basket, wearing a prepared wolf, ribs give praise to the old turtle?"
574,"They invited people to participate, then asked:"
575,Give him a water-soaked stick and he'll already be very satisfied.
576,"I guess—well, you know how we usually feel."
577,Hurry up and brush your teeth and go to bed.
578,"I have no intention of hurting anyone, let alone you."
579,What do I have to be angry about?
580,will leave all rivals in the dust
581,Do you think our sensitivity will cause God to strike him?
582,When the child came out.
583,"You can't control her, can you?"
584,"I swallowed the bitter fruit, sitting there alone watching them."
585,They brought a mobile cinema and held an 'after-action review'.
586,Things I once liked may no longer be special.
587,You need to come into town with us.
588,Let me take this off.
589,I am Nai'er - do you want some of my bread? (also refers to the butt)
590,Scattered spots forming a straight line on the shoulder area.
591,Against those lawbreakers who have powerful connections.
592,There are countless such things.
593,How can I possibly make a living on Wuguan Street in the future?
594,"Once the allowance is stopped, the house will be taken away."
595,Toilet paper is more expensive than money! From now on I won't trust money anymore!
596,"[""Okay, because if he doesn't pay, it'll be up to you.""]"
597,"Sorry, David. The answer is no."
598,That's not the most important thing!
599,"If you win, I'll leave here."
600,Heaven knows how much this will cost you.
601,"No, there must be another explanation."
602,It will seem completely meaningless.
603,David: The next project is to design a waterside pavilion.
604,"If others find out, they'll start fighting again."
605,['Everyone says hope is built on a rational foundation — but all of this is completely irrational.']
606,He came here when he was little.
607,I don't like people over long periods of time.
608,I'll try to get him out the door within 15 minutes.
609,Jerry will no longer be here.
610,"If I could, I'd like to become Emma McCune."
611,"The reason lies in the fact that there are always people,"
612,"I'm swimming here. Oh, nice to see you again."
613,So you're saying that the meeting with Galesk was just a joke?
614,"For example, let's come up with an idea — what we learn from it."
615,I just feel like I can do more.
616,Those people who say rock music caused moral decay.
617,We should also build one on the San Andreas Fault in San Francisco.
618,Unable to translate: the text appears garbled or is in an unsupported encoding. Please resend the original text using UTF-8 encoding.
619,This task of mine isn't finished yet.
620,I love you. I'm very happy when I'm with you.
621,I am the stern oarsman of the Russian team
622,What the hell is going on tonight?
623,Our own rules.
624,It can help companies or other designers better think about the future.
625,The little hornbill's advice
626,I want you to take a look at this.
627,A female detective can certainly help him recover his lost belongings.
628,"['When Claudius found out, he threw Valente into prison.']"
629,Who is responsible for the testimony schedule?
630,"Amy, I know I'm not an easy person to get along with."
631,He spoke on our behalf. We were able to communicate in a human language.
632,"What does a normal vagina look like, and what does one that has been cut look like?"
633,We go wherever we want to go; we're wildly imaginative.
634,A pilot discovered this while flying.
635,['Could you take out the slightly smaller one?']
636,What do they want you to do?
637,"It shows what Africa looked like between 70,000 and 60,000 years ago."
638,Yes — that's between Xavi and me.
639,It must be related to this planet in some way.
640,Can we talk privately?
641,His ex-wife and daughter also live here.
642,Really scary. So pink.
643,Get moving.
644,Why use so many techniques?
645,You could die while walking your dog!
646,Over half of the 636 articles say...
647,Recently I've been thinking about painting the doorway to try out some colors.
648,"Okay, you could try letting the driver get out of the car."
649,"There are 4 million tennis players in the world, and I am ranked 119th."
650,Maybe the fuel you bought for $12 was actually worth $26.
651,These are tiles. The word 'play' is a necessary part of our work.
652,"I know that it's not only my life that's unsatisfactory,"
653,"At least it's better than sitting here waiting to die, right?"
654,The school's entire faculty decided to award Mr. Tezler the title of professor.
655,But it's because I came to this crappy place of yours.
656,What are you doing here? You should stay at home.
657,someone who holds a grudge against others.
658,turned and ran
659,"Look at how brave he was in 1960, and please remember it."
660,It turned from a misguided attempt into a serious joke.
661,And I wrecked three cars in three years.
662,If something goes wrong—what if I fall?
663,Imas Dmitri: Have you seen this film?
664,"In matters of religion, they like to massacre."
665,"Children, in the name of Jesus."
666,['So what we can see now is the largest one.']
667,I was a kid once too.
668,"If I were with him, you'd be the one who'd get pregnant, auntie."
669,"[""As for me personally, I couldn't care less where he rots. But my mother wants a decent funeral.""]"
670,"Or, like in today's shopping district, the merchants..."
671,She's not that bad. She only stayed here for a few hours.
672,I heard you can draw anything.
673,# That way he can win your attention #
674,So I need a helping hand
675,I want to use that time-travel chair.
676,['The angular gyrus region here is very interesting.']
677,Department of Alien Affairs. I am Vikus Vandermer.
678,Those are excellent examples of womanhood.
679,She put too much energy into this thing.
680,That fox who conspired with Fasto to rebel.
681,"Hey, look — it's the gay person we saw at the wedding."
682,Do you think she would be proud of you for saying something like that?
683,Yes! Why haven't you learned the most basic things?
684,Seeking to get along peacefully with us.
685,Maybe you'll find a day to use it.
686,Did you know that Wang Jingjing is going to publish a book?
687,"Oh, sorry — I thought we were playing a game of nitpicking."
688,Do you know why they can laugh out loud?
689,Farhad might be able to recognize them.
690,"Chang Gate enjoy, shout, relax, jade; cover bromine, remember scorpion; Wei, meow, ugly, flame, obscure wild goose; barrier Wei meow obscure swallow turbulent mail."
691,I'm on my way to the marriage registration office.
692,"On the day Ah Gui had the accident, you were clearly not at home."
693,The only way to get out of here is to escape.
694,"No matter what my parents say, it's not always a matter of winning or losing."
695,"Oh, okay. So why is her test better than mine?"
696,But I can see it looks like it's going to snow.
697,She just has to be a person.
698,"Jodes, go check whether he damaged the tow truck."
699,"Eric, are those the cleats I bought you??"
700,"Alright, how many have I slept with?"
701,I take the liberty of writing this letter to express my gratitude.
702,"If this is a dictionary, American English map—"
703,I will now discuss a few specific examples.
704,Would laughing be bad for this?
705,I'm Jimmy from next door.
706,Suppose this is like the Grand Canal.
707,We need to earn their trust. Do you understand?
708,The audience will cheer for you and worship you for it.
709,['The text appears garbled (encoding issue). Please provide the original text in Unicode/UTF-8 or clarify the language so I can translate it.']
710,"Yes, nothing will hurt you."
711,Act only according to one's own will.
712,Then you are big liars.
713,You just like those lights?
714,You need to see it from my perspective and think about it.
715,"I'm listening - Okay, let's make a bet"
716,This is a wooden cross.
717,We are considering going to counseling.
718,You don't want your eyes to drop too much when you tilt.
719,How are you enjoying your work at BAU?
720,Maitenike is a tyrant even worse than Napoleon.
721,We must bury it in a dark place. It's not too late to do it now!
722,"What they are asking for is a response to an explosive scenario,"
723,The other one is a girl named Rieko.
724,"That is violent, ugly, and dirty."
725,On the theme of helping and doing good deeds.
726,He has a hole on the other side of the Carolina River.
727,Those who attack the historical accounts recorded in the Bible.
728,"Of course, the true importance of bees is not honey."
729,Second Armored Division
730,Also ensure that the people who log the forests benefit equally.
731,But I wrote it down.
732,But they are all very strange.
733,We use a workshop format.
734,Great! That must be a lot of fun!
735,['SYNAPSE connects all the communication devices on this planet.']
736,The 14th Division was also forced out of Livorno (a port city on Italy's western coast).
737,['The King of Qin urgently summoned me.']
738,"1,200 households live in houses prepared for residents, with an area of about 106 square meters."
739,What can I say? That bitch tricked me before.
740,"It wasn't done by us, nor by me, but by nature."
741,Shut the fuck up.
742,"Oh, Max, are you hallucinating again?"
743,"Estimated number of deaths due to the following causes: hurricanes, fireworks, asthma, and drowning."
744,Number of minutes ended early
745,I had never been invested in a relationship before.
746,"When I was born, my mother said I looked around the entire hospital room."
747,We only need to get through one more night; the ship will be here tomorrow.
748,No one is willing to go to the countryside.
749,There they sold cat food to aliens at a very high price.
750,"['We set up three road checkpoints: here, here, and here.']"
751,You leave for seven days and then come back one day late.
752,"Oh, Nick, this is really annoying."
753,"I'm begging you, don't go. You still have family and children."
754,"Very well, you're an arrogant ass tonight."
755,"If it enters from the Geshu (Diaphragm-shu) acupuncture point, it exits at the Bulang acupuncture point."
756,"There are two airbags at the front and two at the rear, plus four more on the sides."
757,Will not be affected by the power that destroys iron.
758,Especially during class.
759,You used stolen CIA funds to buy the oil drilling rights.
760,"Oh my God, if he opened a funeral home, nobody would die."
761,She is right. We never did the laundry together. That's it.
762,To earn money to buy the stamps needed to send these letters.
763,"Do you know, sometimes in the sky..."
764,Mickey is doing some business with them privately.
765,"We are classmates. I want to introduce them, but I forgot their name."
766,"I can't wait to enter the pitch-black deep night,"
767,"['Yes, but wait, listen to me...']"
768,"Out of respect, I'll let you choose."
769,Marco: I think I'm an honest magician.
770,"But every two weeks, they actually put the computer on their dining table."
771,['Say something.']
772,It will bring you redemption.
773,"Here, 'vent' originates from Latin."
774,"[""It doesn't make any difference to me.""]"
775,Quickly lie down?
776,"Not bad, his second job is acting as a small-time thug."
777,Your mother is proud of you.
778,"First, regarding this tax,"
779,"Basically, it's mine."
780,Perhaps much knowledge has already ceased to exist before we could discover it.
781,That is not something a petty person excels at.
782,Everyone would agree to see you.
783,"['As a result, they gradually evolved and became bigger and bigger.']"
784,"You haven't picked cotton in a long time either, have you?"
785,A virtually unknown country.
786,"You broke into our system just to play games, didn't you?"
787,Relocate and cut [corrupted]; deep and bridal [corrupted]; a flood sweeping across Asia; recognizing the ravine [corrupted]; Yuan; honey-like imitation [corrupted]; the light neighborhood gentleman.
788,Can I do it my own way?
789,We found that you can train your brain.
790,"The commonly accepted explanation is that the universe, for some unknown reason, suddenly exploded into existence."
791,"You can create this, then create that; just install these, and that'll do."
792,I just randomly picked him.
793,"Of course, it's very difficult to demonstrate this in practice."
794,"Listen to me, I'm not threatening you, do you understand?"
795,Look at him—he doesn't believe anything!
796,"That's just how it is, understand? - Mm."
797,['We proved that this could be done. This really has been an amazing journey.']
798,"In fact, it's also easy to quickly point out violations of the rules."
799,"Oh no, there's a car parked in front of him, Sanborn!"
800,"First, when others disagree with what we say."
801,You will wake someone up -- Marx.
802,I personally saw it being pried out of your brother's hands.
803,"As long as I'm alive, I will not drink coffee."
804,"If they owe only a little, I'll break their knees."
805,Molly! You can't escape either. You have a lot of toys and don't know what to do with them.
806,The book is filled with photographs of the Auschwitz concentration camp.
807,How could he not have a girlfriend?
808,"Thanks to these comments, I've become thick-skinned."
809,I'm not the kind of person who would hit someone just because my husband told me to.
810,"Or, does it extend infinitely in space-time?"
811,It was just that we couldn't help ourselves; my female companion and I are both like that.
812,You sounded very seductive on the phone.
813,I'll let you stay here.
814,"Obviously, I'm an optimist; I have unwavering faith."
815,"So, I'll help."
816,Young people should understand that they cannot rely on them.
817,There's a small bathroom on the yacht...
818,These can only be used to dismiss those servants of yours.
819,Unable to translate: the provided text appears garbled due to an encoding issue. Please supply the original text in UTF-8 (or paste the correctly encoded text) so I can translate it to English.
820,"There are some things I want to tell you, George."
821,This beef looks unappetizing.
822,"Such life may, in its intrinsic properties, be essentially different from us."
823,The clearest unit for our brains is the story.
824,An anonymous IP edited my page --
825,"Oh my, it's burning again and it feels strangely good."
826,I should ask you to reconsider
827,"But if possible, I'll go back tomorrow."
828,"Just wanted to say thanks, bro. This morning I felt like a piece of shit."
829,Hold your head up and chest out.
830,['Are you going to teach me how to dance on this?']
831,You became famous when you were almost 60.
832,He finally appeared to me as a spirit.
833,He deceived some of the 99 heroes into serving him.
834,I don't believe it at all.
835,['Inject the above cells into the oocyte of a fertilized cow.']
836,It would be a shame if you didn't sit down.
837,The area of the house is only 69 to 86 square meters.
838,I pretended to be a doctor and worked in a hospital for two years.
839,"I'll teach you a lesson, bastard"
840,I will be your fiercest opponent.
841,It's like luring an active system into a stable one.
842,So don't complicate our relationship.
843,I stayed up late thinking and said to my husband.
844,According to the Mandate of Heaven.
845,It would be great to put sculptures made from animal dung.
846,This information was provided by an undercover agent working for Kunnan.
847,I really don't know what you're talking about. Maybe this is a kind of flattery.
848,Can I expect your best work?
849,You grew another head over there.
850,"Because in these fields, scientists working in Africa will gain a competitive advantage."
851,There is no separate toilet; everyone uses the only public restroom.
852,"In fact, the kids on the opposing team may be only one grade older."
853,"Of course, if you can produce mouse teeth in a petri dish."
854,What happens if you build the structure but do not construct an abalone shell --
855,Catch a shooting star and put it in your pocket
856,We have to get your ass to work.
857,and the sense of guilt it brings
858,"Before you can free your heart, you must first relax your feet, Lin."
859,So I should go to the United States!
860,"Stop, stop! I want to talk to you alone."
861,"If everyone leaves, who will take care of the civilians and soldiers here?"
862,"I already told you that, but it's not that easy."
863,"Even with the simplest multimeter, you can measure how much the paper is bent."
864,You came by bicycle.
865,Until the last breath is taken.
866,Goodbye. - I can tell it's the work of a master!
867,Kept some
868,That guy is crazy. He said I could help him run it.
869,"In a big city, there are a lot of people you have to please."
870,Do you really have no baggage?
871,Why is it innovative in some ways but not in others?
872,four three two one
873,"What? Wait, are you saying I can't win her over?"
874,The vote I cast with my own hands.
875,I cannot go against my father's wishes.
876,Starting gate - it's okay
877,Who do I have to sleep with to be able to get the refreshments?
878,"You didn't just stay quietly in the car, did you?"
879,Are you still listening to Joni Mitchell?
880,There is only one road that leads to the scene.
881,I need you to catch that bastard.
882,I get up at 5 AM.
883,This is what I want everyone to know.
884,How long has this been going on?
885,Geez. What's wrong with you? You can usually keep up with me at half speed.
886,"Don't worry, creation is feasible."
887,We can see the different components among the spectra.
888,We can't become expression experts overnight.
889,"Zai Zai, you can't have the computer volume this loud."
890,I find you both very sexy.
891,I don't know why I have to watch the same thing happen to your daughter.
892,I also don't want to miss the sunrise.
893,We decided to conceal her madness.
894,Go in and grab her immediately.
895,I don't want to be proud of you.
896,Make having sex more pleasurable.
897,Akiyama's surefire way to win is simply to blow himself up.
898,"So, you'll never be as funny as I am."
899,That belonged to a young couple a few years ago.
900,"Whenever you arrive at any new place, you should..."
901,I think this will be pretty fun.
902,So you're saying you've never believed she was innocent.
903,All warfare is based on deception.
904,Allow them to ski and play tennis.
905,"I like this house, but I think it might be a bit small."
906,I still want to pay you back.
907,Get out
908,Where were you the night Dr. Ian Wexler died?
909,You need to track the joint forces and create a new record of success.
910,That woman who broke your heart—she must be amazing.
911,"You better not damage my car, or I'll kill you."
912,['I want to recommend a good job to the two champions.']
913,Everyone says Honor is this year's top seed.
914,Don't talk to my son like that!
915,I don't want to lose him. I want to spend my life with him.
916,"But even then, I wouldn't turn into a hot gummy sundae."
917,Especially when the gray-robed wizard Gandalf was acting purely out of friendship...
918,The first piece I made still lacks some creativity.
919,"['It is time for you to regain your glory, Your Highness.']"
920,"Si Qiaode Tutinka, could you take these two children?"
921,From this you can tell their occupation: a group of scavengers.
922,Everything we present to you here today.
923,The light is dazzling; I feel cold.
924,"Okay, the latter part was made up by me."
925,This is a moral issue.
926,"Dad died, carrying loneliness with him."
927,So how do we verify this hypothesis?
928,['This will be one in your notebook.']
929,I want two pieces of Shali and one steak.
930,What role do you play in this episode woven from deceit and evil?
931,Quickly send someone reliable to get in touch with Bo Zuoyi.
932,Do you want to leave them behind?
933,Why are you bringing back so many things now?
934,"But in this campaign, you must obey orders."
935,Everyone is upset that the United States didn't enter the war.
936,What on earth is going on?
937,"You know, I'll always be by your side."
938,"I need a hemostatic pad - can you hear me, we have an agent down."
939,I've done a lot of leather carving. There's also a small workshop in the garage.
940,"In other words, it's best to rein yourself in before you open your mouth to comment on others."
941,They don't like people like that. They think you are that kind of person.
942,"In fact, everyone, look, the answer is right here."
943,I am FBI Special Agent Griffin Hull.
944,"Old friend, do you have a dead cat inside you or what?"
945,What is he taking the ball for?
946,"We also received help from others, such as a designer and a general contractor."
947,Did you do something bad? Several people from the investigation bureau came to question you.
948,I have never seen them.
949,Why doesn't Dale move out?
950,Many studies indicate that this is clearly helpful in solving cooperation problems.
951,"Sister Meng, Brother Feng, has he already turned into a demon?"
952,Cover the entire wound and repeat this treatment several times -
953,The ash cloud billowing from a massive volcano.
954,That thing choosing you is another matter.
955,['I can only say that I have turned over a new leaf and become a new person.']
956,What's so great about that guy you like?
957,You can once again completely forget your wife and children.
958,Just as this job is meaningful to you.
959,"Washed, profound, rising and lifted; late sheath and the Fei; light field, house, tellurium, and stone."
960,I entrust you with the mission of a knight.
961,['I want to have an equal upward force.']
962,I've gotten into trouble.
963,"Because my mother agreed, she passed away."
964,And then what happened?
965,"When riding a horse, people will care."
966,Please keep to the left.
967,['I think we can play a card game and talk about this...']
968,"If you don't do it this way, she'll keep hitting you without stopping."
969,"I just got back from a date with your friend Bill, and..."
970,They are also planning to seize our family's hotel.
971,"They said, ""Okay, we'll put it in a bottle of formalin,"""
972,He said he needs to have one hundred million ready by tomorrow.
973,What does film mean to you? What do you want to express through film?
974,"Four weeks after selling comics, I was badly beaten up."
975,So the lone wolf was no longer alone.
976,What kind of person is Stoneman?
977,"Oh, I'm the only doctor in town; I'm responsible for every department."
978,Did I say that my company went public?
979,Even the database bot can easily find it
980,"It's still in the warehouse. All right, we'll go back and get it."
981,"At the summit of the world, in a place that should have been frozen,"
982,"I think she must be somewhere, right?"
983,Is that the reason you requested a transfer to the white-collar crime department?
984,We can definitely force the Persians into Thermopylae.
985,I will never forget this memory for the rest of my life.
986,"[""I wouldn't even think about such a thing.""]"
987,Our child has returned to us. Are you still not satisfied?
988,"Alright, stop messing around. Don't act effeminate. Get in the car."
989,Didn't they already send a surgeon to you?
990,"Congratulations, Dr. Kendall. So are you trying to tell me that our Department of Homeland Security..."
991,Please don't call me that anymore.
992,"We live in a three-dimensional world, and we should also make use of the third dimension."
993,Then he left the room. After a while he came back and said:
994,So I pretended that nothing had happened.
995,Stand behind the yellow line.
996,It doesn't matter how others see us.
997,The yellow dot is the friend who transmitted the flu to this person.
998,The mayor wants this matter to be over as soon as possible.
999,Why do we think this is a bit more real than the other one?
